{"cameraMode":{"drawMode":0,"name":"Shaded","section":"Shading Mode"},"sceneLighting":true,"audioPlay":false,"sceneViewState":{"m_AlwaysRefresh":false,"showFog":true,"showSkybox":true,"showFlares":true,"showImageEffects":true,"showParticleSystems":true,"showVisualEffectGraphs":true,"m_FxEnabled":true},"in2DMode":false,"pivot":{"x":-0.6012516021728516,"y":0.4467768669128418,"z":0.3169984817504883},"rotation":{"x":-0.08598486334085465,"y":0.8948898315429688,"z":-0.19664984941482545,"w":-0.3912889361381531},"size":9.171353340148926,"orthographic":false}